"Sequence name","Lineage","Probability","Most common countries","Number of taxa","Date range","Days since last sampling","date","X9","X10","substitutions","totalMutations","aminoacidChanges","totalAminoacidChanges","insertions","totalInsertions","deletions","totalGaps","missing","totalMissing","nonACGTNs","totalNonACGTNs","alignmentStart","alignmentEnd","alignmentScore","nucleotideComposition.N","nucleotideComposition.A","nucleotideComposition.G","nucleotideComposition.T","nucleotideComposition.C","clade","qc.seqName","qc.privateMutations.score","qc.privateMutations.total","qc.privateMutations.excess","qc.privateMutations.cutoff","qc.privateMutations.status","qc.missingData.score","qc.missingData.totalMissing","qc.missingData.missingDataThreshold","qc.missingData.status","qc.snpClusters.score","qc.snpClusters.totalSNPs","qc.snpClusters.status","qc.mixedSites.score","qc.mixedSites.totalMixedSites","qc.mixedSites.mixedSitesThreshold","qc.mixedSites.status","qc.overallScore","qc.overallStatus","nucleotideComposition.-","errors"
"AECOM-001","B.1",0.99,"USA, UK, Australia",12883,"February-03, June-21",80,2020-04-15,NA,NA,"C241T,C1059T,C3037T,C14408T,A23403G,G25563T",6,"ORF1a:T265I,ORF1b:P314L,S:D614G,ORF3a:Q57H",4,NA,0,NA,0,"1-55,5305,19484,24981-24983,29837-29904",125,NA,0,0,29902,89685,125,8893,5849,9569,5467,"20C","AECOM-001",0,0,-2,8,"good",0,125,3000,"good",0,0,"good",0,0,10,"good",0,"good",NA,NA
"AECOM-002","B.1",0.89,"USA, UK, Australia",12883,"February-03, June-21",80,2020-04-15,NA,NA,"C241T,C1059T,C3037T,C14408T,A23403G,G25563T",6,"ORF1a:T265I,ORF1b:P314L,S:D614G,ORF3a:Q57H",4,NA,0,NA,0,"1-55,3827-4078,14376,20232-20497,24981-24983,25647-25925,29540,29711-29713,29837-29904",921,NA,0,0,29902,89685,921,8641,5702,9307,5332,"20C","AECOM-002",0,0,-2,8,"good",23,921,3000,"good",0,0,"good",0,0,10,"good",5.29,"good",NA,NA
"AECOM-003","B.1.3",0.99,"USA, Israel, ISRAEL",374,"March-05, May-17",115,2020-04-15,NA,NA,"C241T,C1059T,C3037T,C11916T,C14408T,C18998T,C22341A,A23403G,G25563T,C29249T,G29540A",11,"ORF1a:T265I,ORF1a:S3884L,ORF1b:P314L,ORF1b:A1844V,S:A260D,S:D614G,ORF3a:Q57H,N:P326S",8,NA,0,NA,0,"1-55,24981-24983,29837-29904",123,NA,0,0,29902,89665,123,8895,5849,9572,5464,"20C","AECOM-003",0,2,0,8,"good",0,123,3000,"good",0,0,"good",0,0,10,"good",0,"good",NA,NA
"AECOM-004","B.1",0.99,"USA, UK, Australia",12883,"February-03, June-21",80,2020-04-15,NA,NA,"C241T,C1059T,C3037T,C14408T,C16559T,A23403G,G25563T,C29733T",8,"ORF1a:T265I,ORF1b:P314L,ORF1b:A1031V,S:D614G,ORF3a:Q57H",5,NA,0,NA,0,"1-55,24981-24983,29837-29904",123,NA,0,0,29902,89677,123,8893,5850,9571,5466,"20C","AECOM-004",0,2,0,8,"good",0,123,3000,"good",0,0,"good",0,0,10,"good",0,"good",NA,NA
"AECOM-005","B.1",0.99,"USA, UK, Australia",12883,"February-03, June-21",80,2020-04-15,NA,NA,"C241T,C1059T,C3037T,C14408T,C18508T,C18788T,A23403G,G25563T",8,"ORF1a:T265I,ORF1b:P314L,ORF1b:L1681F,ORF1b:T1774I,S:D614G,ORF3a:Q57H",6,NA,0,NA,0,"1-55,3827-4078,24981-24983,25647-25925,29837-29904",652,NA,0,0,29902,89677,652,8727,5758,9398,5368,"20C","AECOM-005",0,2,0,8,"good",13.037037037037,652,3000,"good",0,0,"good",0,0,10,"good",1.69964334705075,"good",NA,NA
"AECOM-006","B.1.3",0.92,"USA, Israel, ISRAEL",374,"March-05, May-17",115,2020-04-15,NA,NA,"C241T,C1059T,G1598A,C3037T,C8660T,C11916T,C14408T,G18149T,A23403G,G25563T,G29540A",11,"ORF1a:T265I,ORF1a:G445S,ORF1a:H2799Y,ORF1a:S3884L,ORF1b:P314L,ORF1b:G1561V,S:D614G,ORF3a:Q57H",8,NA,0,NA,0,"1-55,18998,24981-24983,29837-29904",124,NA,0,0,29902,89665,124,8895,5847,9572,5465,"20C","AECOM-006",12.5,3,1,8,"good",0,124,3000,"good",0,0,"good",0,0,10,"good",1.5625,"good",NA,NA
"AECOM-007","B.1",0.63,"USA, UK, Australia",12883,"February-03, June-21",80,2020-04-15,NA,NA,"C241T,C1059T,C3037T,C14408T,A23403G,G25563T,C28821A",7,"ORF1a:T265I,ORF1b:P314L,S:D614G,ORF3a:Q57H,N:S183Y,ORF14:L30I",6,NA,0,NA,0,"1-55,3827-4078,16260,24981-24983,29837-29904",375,NA,0,0,29902,89681,375,8796,5804,9502,5426,"20C","AECOM-007",0,0,-2,8,"good",2.77777777777778,375,3000,"good",0,0,"good",0,0,10,"good",0.0771604938271605,"good",NA,NA
"AECOM-008","B.1.3",0.99,"USA, Israel, ISRAEL",374,"March-05, May-17",115,2020-04-15,NA,NA,"C241T,C1059T,C3037T,C11916T,C14408T,C18998T,T21237C,A23403G,G25563T,G29540A",10,"ORF1a:T265I,ORF1a:S3884L,ORF1b:P314L,ORF1b:A1844V,S:D614G,ORF3a:Q57H",6,NA,0,NA,0,"1-55,24981-24983,29837-29904",123,NA,0,0,29902,89669,123,8894,5849,9570,5467,"20C","AECOM-008",0,1,-1,8,"good",0,123,3000,"good",0,0,"good",0,0,10,"good",0,"good",NA,NA
"AECOM-009","B.1",0.99,"USA, UK, Australia",12883,"February-03, June-21",80,2020-04-15,NA,NA,"C241T,C1059T,C3037T,A10715C,C14408T,A23403G,G25563T",7,"ORF1a:T265I,ORF1a:N3484H,ORF1b:P314L,S:D614G,ORF3a:Q57H",5,NA,0,NA,0,"1-55,9070,24981-24983,25647-25649,29837-29904",126,NA,0,0,29902,89681,126,8892,5849,9567,5469,"20C","AECOM-009",0,1,-1,8,"good",0,126,3000,"good",0,0,"good",0,0,10,"good",0,"good",NA,NA
"AECOM-010","B.1",0.99,"USA, UK, Australia",12883,"February-03, June-21",80,2020-04-15,NA,NA,"C241T,C1059T,C3037T,C14408T,A23403G,G25563T",6,"ORF1a:T265I,ORF1b:P314L,S:D614G,ORF3a:Q57H",4,NA,0,NA,0,"1-55,24981-24983,29421,29837-29904",124,NA,0,0,29902,89685,124,8893,5850,9569,5467,"20C","AECOM-010",0,0,-2,8,"good",0,124,3000,"good",0,0,"good",0,0,10,"good",0,"good",NA,NA
"AECOM-011","B.1",0.99,"USA, UK, Australia",12883,"February-03, June-21",80,2020-04-15,NA,NA,"C241T,C1059T,C1348T,C3037T,C14235T,C14408T,C18322T,C18457T,C21697T,A23403G,G25563T",11,"ORF1a:T265I,ORF1b:P314L,ORF1b:H1619Y,ORF1b:P1664S,S:D614G,ORF3a:Q57H",6,NA,0,NA,0,"1-55,9026-9028,16255-16257,24981-24983,27691,29837-29904",128,NA,0,0,29902,89665,128,8891,5850,9572,5462,"20C","AECOM-011",37.5,5,3,8,"mediocre",0,128,3000,"good",0,0,"good",0,0,10,"good",14.0625,"good",NA,NA
"AECOM-012","B.1",0.98,"USA, UK, Australia",12883,"February-03, June-21",80,2020-04-15,NA,NA,"C241T,C3037T,C14235T,C14408T,A23403G,G25563T",6,"ORF1b:P314L,S:D614G,ORF3a:Q57H",3,NA,0,NA,0,"1-55,1348,3827-4078,4996-5288,7390-7652,16255-16257,20232-20497,21697,24981-24983,27512-27536,28757-29008,29837-29904",1472,NA,0,0,29902,89685,1472,8458,5574,9170,5229,"20A","AECOM-012",0,1,-1,8,"good",43.4074074074074,1472,3000,"mediocre",0,0,"good",0,0,10,"good",18.8420301783265,"good",NA,NA
"AECOM-013","B.1.3",0.98,"USA, Israel, ISRAEL",374,"March-05, May-17",115,2020-04-15,NA,NA,"C241T,C1059T,C3037T,C4113T,C11916T,C14408T,C18998T,A23403G,G25563T,C27208T,G29540A",11,"ORF1a:T265I,ORF1a:A1283V,ORF1a:S3884L,ORF1b:P314L,ORF1b:A1844V,S:D614G,ORF3a:Q57H,ORF6:H3Y",8,NA,0,NA,0,"1-55,19912-20497,24981-24983,29005-29008,29837-29904",711,NA,0,0,29902,89665,711,8701,5733,9383,5375,"20C","AECOM-013",0,2,0,8,"good",15.2222222222222,711,3000,"good",0,0,"good",0,0,10,"good",2.31716049382716,"good",NA,NA
"AECOM-016","B.1.3",0.97,"USA, Israel, ISRAEL",374,"March-05, May-17",115,2020-04-03,NA,NA,"C241T,C1059T,C3037T,C11916T,C14408T,C18998T,A23403G,G25563T,G29540A",9,"ORF1a:T265I,ORF1a:S3884L,ORF1b:P314L,ORF1b:A1844V,S:D614G,ORF3a:Q57H",6,NA,0,NA,0,"1-55,3827-3841,4996-5288,20232-20497,24981-24983,28757-29008,29837-29904",945,NA,0,0,29902,89673,945,8636,5677,9336,5309,"20C","AECOM-016",0,0,-2,8,"good",23.8888888888889,945,3000,"good",0,0,"good",0,0,10,"good",5.70679012345679,"good",NA,NA
"AECOM-017","B.1",0.99,"USA, UK, Australia",12883,"February-03, June-21",80,2020-04-03,NA,NA,"C241T,C1059T,C3037T,C14408T,A23403G,G25563T",6,"ORF1a:T265I,ORF1b:P314L,S:D614G,ORF3a:Q57H",4,NA,0,NA,0,"1-55,3827-4078,4996-5288,5621-5895,8636-8914,9246-9503,16255-16257,20232-20497,24981-24983,25647-25925,27512-27539,28757-29008,29540,29837-29904",2299,NA,0,0,29902,89685,2299,8233,5419,8894,5058,"20C","AECOM-017",0,0,-2,8,"good",74.037037037037,2299,3000,"mediocre",0,0,"good",0,0,10,"good",54.8148285322359,"mediocre",NA,NA
"AECOM-018","B.1",0.99,"USA, UK, Australia",12883,"February-03, June-21",80,2020-04-03,NA,NA,"C241T,C1059T,C3037T,C14408T,A23403G,G25563T",6,"ORF1a:T265I,ORF1b:P314L,S:D614G,ORF3a:Q57H",4,NA,0,NA,0,"1-55,16255-16257,20232-20497,24981-24983,29837-29904",390,NA,0,0,29902,89685,390,8808,5796,9479,5430,"20C","AECOM-018",0,0,-2,8,"good",3.33333333333333,390,3000,"good",0,0,"good",0,0,10,"good",0.111111111111111,"good",NA,NA
"AECOM-020","B.1",0.99,"USA, UK, Australia",12883,"February-03, June-21",80,2020-04-03,NA,NA,"C241T,C1059T,C1348T,C3037T,C14235T,C14408T,C18322T,C18457T,C21697T,A23403G,G25563T",11,"ORF1a:T265I,ORF1b:P314L,ORF1b:H1619Y,ORF1b:P1664S,S:D614G,ORF3a:Q57H",6,NA,0,NA,0,"1-55,10981,24981-24983,29837-29904",124,NA,0,0,29902,89665,124,8893,5849,9574,5463,"20C","AECOM-020",37.5,5,3,8,"mediocre",0,124,3000,"good",0,0,"good",0,0,10,"good",14.0625,"good",NA,NA
"AECOM-021","B.1",0.98,"USA, UK, Australia",12883,"February-03, June-21",80,2020-04-03,NA,NA,"C241T,C1059T,C3037T,A14130C,C14408T,A20755C,A23403G,C25549T,G25563T",9,"ORF1a:T265I,ORF1b:P314L,ORF1b:S2430R,S:D614G,ORF3a:L53F,ORF3a:Q57H",6,NA,0,NA,0,"1-55,16255-16257,24981-24983,29837-29904",125,NA,0,0,29902,89673,125,8891,5850,9569,5468,"20C","AECOM-021",0,2,0,8,"good",0,125,3000,"good",0,0,"good",0,0,10,"good",0,"good",NA,NA
"AECOM-022","B.1",0.99,"USA, UK, Australia",12883,"February-03, June-21",80,2020-04-03,NA,NA,"C241T,C3037T,C14408T,A23403G,G25563T,G29800C",6,"ORF1b:P314L,S:D614G,ORF3a:Q57H",3,NA,0,NA,0,"1-55,193,9026-9028,16255-16257,18877,24981-24983,29837-29904",129,NA,0,0,29902,89685,129,8892,5849,9566,5467,"20A","AECOM-022",0,1,-1,8,"good",0,129,3000,"good",0,0,"good",0,0,10,"good",0,"good",NA,NA
"AECOM-023","B.1.3",0.99,"USA, Israel, ISRAEL",374,"March-05, May-17",115,2020-04-03,NA,NA,"C241T,C1059T,C3037T,C11916T,C14408T,C18998T,A23403G,G25563T,G29540A",9,"ORF1a:T265I,ORF1a:S3884L,ORF1b:P314L,ORF1b:A1844V,S:D614G,ORF3a:Q57H",6,NA,0,NA,0,"1-55,16255-16257,24981-24983,29837-29904",125,NA,0,0,29902,89673,125,8894,5849,9570,5465,"20C","AECOM-023",0,0,-2,8,"good",0,125,3000,"good",0,0,"good",0,0,10,"good",0,"good",NA,NA
"AECOM-024","B.1",0.99,"USA, UK, Australia",12883,"February-03, June-21",80,2020-04-03,NA,NA,"C241T,C1059T,C1348T,C3037T,C14408T,C18322T,C18457T,C21697T,A23403G,G25563T",10,"ORF1a:T265I,ORF1b:P314L,ORF1b:H1619Y,ORF1b:P1664S,S:D614G,ORF3a:Q57H",6,NA,0,NA,0,"1-55,24981-24983,29837-29904",123,NA,0,0,29902,89669,123,8893,5850,9573,5464,"20C","AECOM-024",25,4,2,8,"good",0,123,3000,"good",0,0,"good",0,0,10,"good",6.25,"good",NA,NA
"AECOM-025","B.1",1,"USA, UK, Australia",12883,"February-03, June-21",80,2020-04-03,NA,NA,"C1059T,C3037T,C14408T,A23403G,G25563T,C25566A,T26043C,C26044A,G28116A",9,"ORF1a:T265I,ORF1b:P314L,S:D614G,ORF3a:Q57H,ORF3a:S58R,ORF3a:Q218K,ORF8:D75N",7,NA,0,NA,0,"1-343,1313-1596,2569-2851,3827-4078,4429-4659,4996-5288,5297-5587,5621-5895,6847-7059,7093-7652,7998-8276,8636-8914,10438-10689,11669-11890,12780-13030,13379-13626,14899-15194,15225-15504,15862-16145,16187-16445,16486-16771,17131-17407,19276-19571,19592-19867,20232-20814,20868-21105,21147-21683,22014-22291,22627-22822,23823-24101,24444-24722,25647-25925,26291-26543,26891-27165,27512-27809,28146-28417,28757-29008,29042-29317,29357-29511,29577-29904",11548,NA,0,0,29902,89673,11548,5501,3544,5954,3356,"20C","AECOM-025",25,4,2,8,"good",416.592592592593,11548,3000,"bad",0,0,"good",0,0,10,"good",1741.74388203018,"bad",NA,NA
"AECOM-026","B.1",0.99,"USA, UK, Australia",12883,"February-03, June-21",80,2020-04-03,NA,NA,"C241T,C1059T,C1348T,C3037T,C14235T,C14408T,C18322T,C18457T,C21697T,A23403G,G25563T,C28826T",12,"ORF1a:T265I,ORF1b:P314L,ORF1b:H1619Y,ORF1b:P1664S,S:D614G,ORF3a:Q57H,N:R185C",7,NA,0,NA,0,"1-55,24981-24983,29837-29904",123,NA,0,0,29902,89661,123,8893,5850,9575,5462,"20C","AECOM-026",50,6,4,8,"mediocre",0,123,3000,"good",0,0,"good",0,0,10,"good",25,"good",NA,NA
"AECOM-027","B.1",0.98,"USA, UK, Australia",12883,"February-03, June-21",80,2020-04-03,NA,NA,"C193T,C241T,C3037T,T12667C,C14408T,C18877T,A23403G,G25563T",8,"ORF1b:P314L,S:D614G,ORF3a:Q57H",3,NA,0,NA,0,"1-55,24981-24983,29837-29904",123,NA,0,0,29902,89677,123,8893,5850,9569,5468,"20A","AECOM-027",0,2,0,8,"good",0,123,3000,"good",0,0,"good",0,0,10,"good",0,"good",NA,NA
"AECOM-028","B.1",0.93,"USA, UK, Australia",12883,"February-03, June-21",80,2020-04-03,NA,NA,"C241T,C1059T,C3037T,C14408T,A23403G,G25563T",6,"ORF1a:T265I,ORF1b:P314L,S:D614G,ORF3a:Q57H",4,NA,0,NA,0,"1-55,7390-7652,9495-9503,12780-13030,16255-16257,24981-24983,29837-29904",645,NA,0,0,29902,89685,645,8736,5736,9398,5388,"20C","AECOM-028",0,0,-2,8,"good",12.7777777777778,645,3000,"good",0,0,"good",0,0,10,"good",1.63271604938272,"good",NA,NA
"AECOM-030","B.1",0.99,"USA, UK, Australia",12883,"February-03, June-21",80,2020-04-02,NA,NA,"C241T,C1059T,C3037T,C14408T,C18312T,A23403G,G25563T,C29523T",8,"ORF1a:T265I,ORF1b:P314L,S:D614G,ORF3a:Q57H,N:T417I",5,NA,0,NA,0,"1-55,23800,24981-24983,29837-29904",124,NA,0,0,29902,89677,124,8892,5850,9571,5466,"20C","AECOM-030",0,2,0,8,"good",0,124,3000,"good",0,0,"good",0,0,10,"good",0,"good",NA,NA
"AECOM-031","B.1",0.99,"USA, UK, Australia",12883,"February-03, June-21",80,2020-04-03,NA,NA,"C241T,C1059T,C3037T,C14408T,A23403G,C23551T,G25563T",7,"ORF1a:T265I,ORF1b:P314L,S:D614G,ORF3a:Q57H",4,NA,0,NA,0,"1-55,9026-9028,24981-24983,29837-29904",125,NA,0,0,29902,89681,125,8892,5850,9569,5467,"20C","AECOM-031",0,1,-1,8,"good",0,125,3000,"good",0,0,"good",0,0,10,"good",0,"good",NA,NA
"AECOM-032","B.2.1",1,"UK, Australia, USA",1618,"February-09, June-02",99,2020-04-03,NA,NA,"A2480G,C2558T,C7164T,C9170T,C11074T,G11083T,C14805T,C25544T,G26144T",9,"ORF1a:I739V,ORF1a:P765S,ORF1a:T2300I,ORF1a:L2969F,ORF1a:L3606F,ORF3a:A51V,ORF3a:G251V",7,NA,0,NA,0,"1-55,16255-16257,24981-24983,29837-29904",125,NA,0,0,29902,89673,125,8893,5849,9571,5465,"19A","AECOM-032",25,4,2,8,"good",0,125,3000,"good",0,0,"good",0,0,10,"good",6.25,"good",NA,NA
"AECOM-033","B.1",0.99,"USA, UK, Australia",12883,"February-03, June-21",80,2020-04-03,NA,NA,"C241T,C1059T,C3037T,C14408T,A23403G,G25563T",6,"ORF1a:T265I,ORF1b:P314L,S:D614G,ORF3a:Q57H",4,NA,0,NA,0,"1-55,16255-16257,24981-24983,29837-29904",125,NA,0,0,29902,89685,125,8893,5850,9568,5467,"20C","AECOM-033",0,0,-2,8,"good",0,125,3000,"good",0,0,"good",0,0,10,"good",0,"good",NA,NA
"AECOM-035","B.1",0.99,"USA, UK, Australia",12883,"February-03, June-21",80,2020-04-02,NA,NA,"C241T,C1059T,C3037T,C14408T,A23403G,G25563T,G27467T",7,"ORF1a:T265I,ORF1b:P314L,S:D614G,ORF3a:Q57H,ORF7a:R25I",5,NA,0,NA,0,"1-55,21569,24981-24983,29837-29904",124,NA,0,0,29902,89681,124,8893,5848,9570,5468,"20C","AECOM-035",0,1,-1,8,"good",0,124,3000,"good",0,0,"good",0,0,10,"good",0,"good",NA,NA
"AECOM-036","B.1",0.99,"USA, UK, Australia",12883,"February-03, June-21",80,2020-04-21,NA,NA,"C241T,C1059T,C3037T,C10851T,C14408T,A22320G,A23403G,G25563T,C28789T,C28887T",10,"ORF1a:T265I,ORF1a:A3529V,ORF1b:P314L,S:D253G,S:D614G,ORF3a:Q57H,ORF14:T19M,N:T205I,ORF14:L52F",9,NA,0,NA,0,"1-55,24981-24983,29837-29904",123,NA,0,0,29902,89669,123,8892,5851,9572,5465,"20C","AECOM-036",25,4,2,8,"good",0,123,3000,"good",0,0,"good",0,0,10,"good",6.25,"good",NA,NA
"AECOM-037","B.1",0.99,"USA, UK, Australia",12883,"February-03, June-21",80,2020-04-21,NA,NA,"C241T,C1059T,C3037T,C14408T,A23403G,G25563T",6,"ORF1a:T265I,ORF1b:P314L,S:D614G,ORF3a:Q57H",4,NA,0,NA,0,"1-55,21066,24981-24983,29837-29904",124,NA,0,0,29902,89685,124,8893,5850,9568,5468,"20C","AECOM-037",0,0,-2,8,"good",0,124,3000,"good",0,0,"good",0,0,10,"good",0,"good",NA,NA
"AECOM-038","B.1",0.99,"USA, UK, Australia",12883,"February-03, June-21",80,2020-04-21,NA,NA,"C241T,C1059T,C3037T,C14408T,A23403G,G25563T",6,"ORF1a:T265I,ORF1b:P314L,S:D614G,ORF3a:Q57H",4,NA,0,NA,0,"1-55,3827-4078,22325-22543,24981-24983,29666-29904",763,NA,0,0,29902,89685,763,8673,5724,9392,5351,"20C","AECOM-038",0,0,-2,8,"good",17.1481481481481,763,3000,"good",0,0,"good",0,0,10,"good",2.94058984910837,"good",NA,NA
"AECOM-039","B.1",0.99,"USA, UK, Australia",12883,"February-03, June-21",80,2020-04-21,NA,NA,"C241T,C1059T,C3037T,C8655T,C14408T,A23403G,G25563T",7,"ORF1a:T265I,ORF1a:S2797F,ORF1b:P314L,S:D614G,ORF3a:Q57H",5,NA,0,NA,0,"1-55,24981-24983,29837-29904",123,NA,0,0,29902,89681,123,8893,5850,9570,5467,"20C","AECOM-039",0,1,-1,8,"good",0,123,3000,"good",0,0,"good",0,0,10,"good",0,"good",NA,NA
"AECOM-040","B.1",0.99,"USA, UK, Australia",12883,"February-03, June-21",80,2020-04-21,NA,NA,"C241T,C1059T,C3037T,C14408T,A23403G,G25563T",6,"ORF1a:T265I,ORF1b:P314L,S:D614G,ORF3a:Q57H",4,NA,0,NA,0,"1-55,11916,16255-16257,22325-22543,24981-24983,29540,29837-29904",345,NA,0,0,29902,89685,345,8824,5810,9501,5423,"20C","AECOM-040",0,0,-2,8,"good",1.66666666666667,345,3000,"good",0,0,"good",0,0,10,"good",0.0277777777777778,"good",NA,NA
"AECOM-041","B.1",0.99,"USA, UK, Australia",12883,"February-03, June-21",80,2020-04-21,NA,NA,"C66T,C241T,C1059T,C3037T,C14408T,C21365T,A23403G,G25563T",8,"ORF1a:T265I,ORF1b:P314L,ORF1b:P2633L,S:D614G,ORF3a:Q57H",5,NA,0,NA,0,"1-55,16255-16257,21066,24981-24983,29837-29904",126,NA,0,0,29902,89677,126,8893,5850,9569,5465,"20C","AECOM-041",0,2,0,8,"good",0,126,3000,"good",0,0,"good",0,0,10,"good",0,"good",NA,NA
"AECOM-042","B.1",0.99,"USA, UK, Australia",12883,"February-03, June-21",80,2020-04-21,NA,NA,"C241T,C1059T,C3037T,A3643C,T5165C,A10874G,C14408T,A23403G,G25563T,G29032T",10,"ORF1a:T265I,ORF1a:E1126D,ORF1a:Y1634H,ORF1a:N3537D,ORF1b:P314L,S:D614G,ORF3a:Q57H,N:E253D",8,NA,0,NA,0,"1-55,21997,24981-24983,29837-29904",124,NA,0,0,29902,89669,124,8891,5850,9569,5469,"20C","AECOM-042",25,4,2,8,"good",0,124,3000,"good",0,0,"good",0,0,10,"good",6.25,"good",NA,NA
"AECOM-043","B.1",0.99,"USA, UK, Australia",12883,"February-03, June-21",80,2020-04-21,NA,NA,"C241T,C1059T,C3037T,C14408T,A23403G,G25563T",6,"ORF1a:T265I,ORF1b:P314L,S:D614G,ORF3a:Q57H",4,NA,0,NA,0,"1-55,16255-16257,24794,24981-24983,29837-29904",126,NA,0,0,29902,89685,126,8893,5849,9568,5467,"20C","AECOM-043",0,0,-2,8,"good",0,126,3000,"good",0,0,"good",0,0,10,"good",0,"good",NA,NA
"AECOM-044","B.1",1,"USA, UK, Australia",12883,"February-03, June-21",80,2020-04-21,NA,NA,"C241T,C1059T,C3037T,C14408T,A23403G,G25563T",6,"ORF1a:T265I,ORF1b:P314L,S:D614G,ORF3a:Q57H",4,NA,0,NA,0,"1-55,21066,22325-22543,24981-24983,29837-29904",342,NA,0,0,29902,89685,342,8824,5811,9501,5425,"20C","AECOM-044",0,0,-2,8,"good",1.55555555555556,342,3000,"good",0,0,"good",0,0,10,"good",0.0241975308641975,"good",NA,NA
"AECOM-045","B.1",0.99,"USA, UK, Australia",12883,"February-03, June-21",80,2020-04-21,NA,NA,"C241T,C1059T,C3037T,C14408T,A23403G,G25563T",6,"ORF1a:T265I,ORF1b:P314L,S:D614G,ORF3a:Q57H",4,NA,0,NA,0,"1-55,10386,16255-16257,21569,24981-24983,29837-29904",127,NA,0,0,29902,89685,127,8893,5849,9568,5466,"20C","AECOM-045",0,0,-2,8,"good",0,127,3000,"good",0,0,"good",0,0,10,"good",0,"good",NA,NA
"AECOM-046","B.1",1,"USA, UK, Australia",12883,"February-03, June-21",80,2020-04-21,NA,NA,"C1059T,C3037T,C14408T,A23403G,C23929T,G25563T,G26582T,G29639T",8,"ORF1a:T265I,ORF1b:P314L,S:D614G,ORF3a:Q57H,M:W20C,ORF10:A28S",6,NA,0,"21993-21995,25237-25261",26,"1-343,1313-1596,2569-2851,3827-4078,4429-4659,4996-5288,5621-5895,6248-6496,6847-7059,7093-7333,7390-7652,8320-8914,9026-9028,9246-9503,12780-13030,13379-13626,16255-16257,18368,19276-19571,19912-20201,21147-21683,22325-22543,24981-24983,25647-25925,26891-27165,27512-27809,28757-29008,29666-29904",6947,NA,0,0,29902,89591,6947,6875,4464,7397,4194,"20C","AECOM-046",37.5,5,3,8,"mediocre",246.185185185185,6947,3000,"bad",0,0,"good",0,0,10,"good",620.133954046639,"bad",26,NA
"AECOM-047","B.1",1,"USA, UK, Australia",12883,"February-03, June-21",80,2020-04-21,NA,NA,"C1059T,C3037T,C3686T,C5901T,C6195T,G7829C,C11916T,A13042T,C14408T,A23403G,G25563T,C26877T,G29540A",13,"ORF1a:T265I,ORF1a:H1141Y,ORF1a:P1879L,ORF1a:P1977L,ORF1a:V2522L,ORF1a:S3884L,ORF1a:E4259D,ORF1b:P314L,S:D614G,ORF3a:Q57H,M:L119F",11,NA,0,"23193",1,"1-343,705-966,2248-2530,3827-4078,4996-5587,6248-6496,7093-7652,8320-8914,9246-9503,12780-13030,13379-13626,14216,15225-15504,15862-16145,16255-16257,16486-16771,17131-17407,18325-18619,19592-19663,19912-20497,20868-21105,21147-21387,21428-21683,22035-22038,24981-24983,25647-25925,26291-26543,27203-27472,29666-29904",7732,NA,0,0,29902,89650,7732,6632,4302,7125,4111,"20C","AECOM-047",62.5,7,5,8,"mediocre",275.259259259259,7732,3000,"bad",0,0,"good",0,0,10,"good",796.739098079561,"bad",1,NA
"AECOM-048","B.1",0.99,"USA, UK, Australia",12883,"February-03, June-21",80,2020-04-21,NA,NA,"C3037T,C14408T,G17197A,C18877T,A23403G,G25563T",6,"ORF1b:P314L,ORF1b:A1244T,S:D614G,ORF3a:Q57H",4,NA,0,NA,0,"1-343,3827-4078,5621-5895,7390-7652,8636-8914,9246-9503,12780-13030,19276-19571,22325-22543,24981-24983,29837-29904",2496,NA,0,0,29902,89685,2496,8188,5359,8815,5045,"20A","AECOM-048",0,1,-1,8,"good",81.3333333333333,2496,3000,"mediocre",0,0,"good",0,0,10,"good",66.1511111111111,"mediocre",NA,NA
"AECOM-049","B.1",0.99,"USA, UK, Australia",12883,"February-03, June-21",80,2020-04-21,NA,NA,"C241T,C1059T,C3037T,C14408T,A23403G,C24865T,G25563T,G28436T",8,"ORF1a:T265I,ORF1b:P314L,S:D614G,ORF3a:Q57H,N:A55S",5,NA,0,NA,0,"1-55,24981-24983,29837-29904",123,NA,0,0,29902,89677,123,8893,5849,9571,5467,"20C","AECOM-049",0,2,0,8,"good",0,123,3000,"good",0,0,"good",0,0,10,"good",0,"good",NA,NA
"AECOM-050","B.1",0.97,"USA, UK, Australia",12883,"February-03, June-21",80,2020-04-21,NA,NA,"C241T,C3037T,C14408T,T17025C,C18877T,A23403G,G25563T,C26681T",8,"ORF1b:P314L,S:D614G,ORF3a:Q57H",3,NA,0,NA,0,"1-55,16255-16257,24981-24983,29837-29904",125,NA,0,0,29902,89677,125,8893,5850,9568,5467,"20A","AECOM-050",0,2,0,8,"good",0,125,3000,"good",0,0,"good",0,0,10,"good",0,"good",NA,NA
"AECOM-051","B.1.3",0.99,"USA, Israel, ISRAEL",374,"March-05, May-17",115,2020-03-27,NA,NA,"C241T,C1059T,C3037T,C11916T,T13914C,C14408T,C18998T,A23403G,G25563T,G29540A",10,"ORF1a:T265I,ORF1a:S3884L,ORF1b:P314L,ORF1b:A1844V,S:D614G,ORF3a:Q57H",6,NA,0,NA,0,"1-55,9026-9028,16255-16257,24981-24983,29837-29904",127,NA,0,0,29902,89669,127,8893,5849,9568,5466,"20C","AECOM-051",0,1,-1,8,"good",0,127,3000,"good",0,0,"good",0,0,10,"good",0,"good",NA,NA
"AECOM-052","B.1",1,"USA, UK, Australia",12883,"February-03, June-21",80,2020-04-29,NA,NA,"C241T,C1059T,C3037T,G5418T,C14408T,A23403G,G25563T",7,"ORF1a:T265I,ORF1a:C1718F,ORF1b:P314L,S:D614G,ORF3a:Q57H",5,NA,0,NA,0,"1-55,1313-1596,1869,2248-2530,3827-4078,4427-4659,4996-5288,5621-5895,6847-7059,7093-7333,7390-7652,8636-8914,11669-11890,12780-13030,13379-13626,15225-15504,16486-16771,17431-17450,19276-19571,20232-20497,21147-21387,22014-22291,22325-22543,24444-24722,24981-24983,25647-25925,27512-27809,28757-29008,29357-29904",6910,NA,0,0,29902,89681,6910,6872,4482,7423,4216,"20C","AECOM-052",0,1,-1,8,"good",244.814814814815,6910,3000,"bad",0,0,"good",0,0,10,"good",599.342935528121,"bad",NA,NA
"AECOM-053","B.1",0.9,"USA, UK, Australia",12883,"February-03, June-21",80,2020-04-29,NA,NA,"C241T,C1059T,C3037T,A5325G,C9221T,C14408T,A23403G,G25563T,C27804T",9,"ORF1a:T265I,ORF1a:E1687G,ORF1a:H2986Y,ORF1b:P314L,S:D614G,ORF3a:Q57H",6,NA,0,NA,0,"1-55,8281-8284,17518-17520,24981-24983,29540,29837-29904",129,NA,0,0,29902,89673,129,8891,5850,9569,5464,"20C","AECOM-053",12.5,3,1,8,"good",0,129,3000,"good",0,0,"good",0,0,10,"good",1.5625,"good",NA,NA
"AECOM-054","B.1",0.97,"USA, UK, Australia",12883,"February-03, June-21",80,2020-04-29,NA,NA,"C241T,C1059T,C3037T,G4399T,C5392T,C14408T,A23403G,G25563T,C26622T",9,"ORF1a:T265I,ORF1a:M1378I,ORF1b:P314L,S:D614G,ORF3a:Q57H,M:L34F",6,NA,0,NA,0,"1-55,3827-4078,4996-5012,5280-5288,5621-5895,24981-24983,25647-25925,29837-29904",950,NA,0,0,29902,89673,950,8626,5708,9315,5304,"20C","AECOM-054",12.5,3,1,8,"good",24.0740740740741,950,3000,"good",0,0,"good",0,0,10,"good",7.35811042524005,"good",NA,NA
"AECOM-055","B.1",0.99,"USA, UK, Australia",12883,"February-03, June-21",80,2020-04-29,NA,NA,"C1059T,C3037T,C14408T,A23403G,G25563T,G29032T",6,"ORF1a:T265I,ORF1b:P314L,S:D614G,ORF3a:Q57H,N:E253D",5,NA,0,NA,0,"1-55,241,24981-24983,29837-29904",124,NA,0,0,29902,89685,124,8893,5849,9569,5468,"20C","AECOM-055",0,1,-1,8,"good",0,124,3000,"good",0,0,"good",0,0,10,"good",0,"good",NA,NA
"AECOM-056","B.1",0.99,"USA, UK, Australia",12883,"February-03, June-21",80,2020-04-29,NA,NA,"C241T,C1059T,C3037T,G6609T,C8655T,C14408T,A23403G,G25563T",8,"ORF1a:T265I,ORF1a:R2115I,ORF1a:S2797F,ORF1b:P314L,S:D614G,ORF3a:Q57H",6,NA,0,NA,0,"1-55,11916,20964-20966,24981-24983,29640,29837-29904",127,NA,0,0,29902,89677,127,8893,5849,9570,5464,"20C","AECOM-056",0,2,0,8,"good",0,127,3000,"good",0,0,"good",0,0,10,"good",0,"good",NA,NA
"AECOM-057","B.1",0.99,"USA, UK, Australia",12883,"February-03, June-21",80,2020-04-29,NA,NA,"C241T,C1059T,C3037T,A7886G,C14408T,C18601T,A23403G,G25563T,G26257T",9,"ORF1a:T265I,ORF1a:I2541V,ORF1b:P314L,ORF1b:H1712Y,S:D614G,ORF3a:Q57H,E:V5F",7,NA,0,NA,0,"1-55,4847,6696,7613-7615,9250-9252,9263,24981-24983,29837-29904",130,NA,0,0,29902,89673,130,8891,5848,9569,5465,"20C","AECOM-057",12.5,3,1,8,"good",0,130,3000,"good",0,0,"good",0,0,10,"good",1.5625,"good",NA,NA
"AECOM-058","B.1",0.9,"USA, UK, Australia",12883,"February-03, June-21",80,2020-04-29,NA,NA,"C241T,C1059T,C3037T,C6395A,C14408T,C18998T,G23196T,A23403G,G25563T",9,"ORF1a:T265I,ORF1a:L2044I,ORF1b:P314L,ORF1b:A1844V,S:G545V,S:D614G,ORF3a:Q57H",7,NA,0,"3747-3749",2,"1-55,3802-3804,3827-4078,11916,24981-24983,29837-29904",377,NA,0,0,29902,89663,377,8795,5803,9502,5424,"20C","AECOM-058",25,4,2,8,"good",2.85185185185185,377,3000,"good",0,0,"good",0,0,10,"good",6.33133058984911,"good",2,NA
"AECOM-059","B.1",0.96,"USA, UK, Australia",12883,"February-03, June-21",80,2020-04-29,NA,NA,"C241T,C3037T,C14408T,A23403G,G25563T",5,"ORF1b:P314L,S:D614G,ORF3a:Q57H",3,NA,0,"15161-15163,19757-19834",79,"1-55,3827-4078,9026-9028,11292,13184-13191,17428-17430,24981-24983,29311,29837-29904",387,NA,0,0,29902,89444,387,8758,5787,9479,5413,"20A","AECOM-059",0,2,0,8,"good",3.22222222222222,387,3000,"good",0,0,"good",0,0,10,"good",0.103827160493827,"good",79,NA
"AECOM-060","B.1",0.99,"USA, UK, Australia",12883,"February-03, June-21",80,2020-04-29,NA,NA,"C1059T,C3037T,C14408T,C17734A,A23403G,G25563T",6,"ORF1a:T265I,ORF1b:P314L,ORF1b:L1423I,S:D614G,ORF3a:Q57H",5,NA,0,NA,0,"1-55,241,13558,24981-24983,29837-29904",125,NA,0,0,29902,89685,125,8894,5849,9568,5467,"20C","AECOM-060",0,1,-1,8,"good",0,125,3000,"good",0,0,"good",0,0,10,"good",0,"good",NA,NA
"AECOM-062","B.1",0.99,"USA, UK, Australia",12883,"February-03, June-21",80,2020-04-29,NA,NA,"C1059T,C3037T,C14408T,T17025C,C18998T,A23403G,C24865T,G25563T",8,"ORF1a:T265I,ORF1b:P314L,ORF1b:A1844V,S:D614G,ORF3a:Q57H",5,NA,0,NA,0,"1-343,3827-4078,11916,13379-13626,19276-19571,24981-24983,26681,29666-29904",1377,NA,0,0,29902,89677,1377,8526,5573,9202,5225,"20C","AECOM-062",12.5,3,1,8,"good",39.8888888888889,1377,3000,"mediocre",0,0,"good",0,0,10,"good",17.4737345679012,"good",NA,NA
"AECOM-063","B.1",1,"USA, UK, Australia",12883,"February-03, June-21",80,2020-04-29,NA,NA,"C1059T,C3037T,A23403G,G25563T",4,"ORF1a:T265I,S:D614G,ORF3a:Q57H",3,NA,0,"8397",1,"1-343,386-665,705-966,3827-4078,4427-4659,4996-5895,6248-6496,6847-7059,7390-8276,8636-8914,8955-9227,9246-9503,9558-9807,10147-10385,10438-10689,10738-11023,11373-11585,11669-11890,11928-12134,12466-13030,14272-14571,16255-16257,19276-19571,19912-20814,21147-21387,22325-22543,23501-23813,23823-24101,24981-24983,25647-25925,26452-26454,27203-27472,27512-27809,28134,29042-29317,29837-29904",10380,NA,0,0,29902,89686,10380,5826,3827,6273,3596,"20C","AECOM-063",0,1,-1,8,"good",373.333333333333,10380,3000,"bad",0,0,"good",0,0,10,"good",1393.77777777778,"bad",1,NA
"AECOM-065","B.1",0.99,"USA, UK, Australia",12883,"February-03, June-21",80,2020-04-29,NA,NA,"C241T,C1059T,C1612T,C3037T,T5635C,C14408T,C14576T,A23403G,G25563T",9,"ORF1a:T265I,ORF1b:P314L,ORF1b:A370V,S:D614G,ORF3a:Q57H",5,NA,0,NA,0,"1-55,16255-16257,24981-24983,29837-29904",125,NA,0,0,29902,89673,125,8893,5850,9569,5466,"20C","AECOM-065",12.5,3,1,8,"good",0,125,3000,"good",0,0,"good",0,0,10,"good",1.5625,"good",NA,NA
"AECOM-066","B.1.3",0.99,"USA, Israel, ISRAEL",374,"March-05, May-17",115,2020-04-08,NA,NA,"C241T,C1059T,C3037T,A3180G,C11916T,C14408T,C18998T,C21642T,A23403G,G25563T,G29540A",11,"ORF1a:T265I,ORF1a:E972G,ORF1a:S3884L,ORF1b:P314L,ORF1b:A1844V,S:A27V,S:D614G,ORF3a:Q57H",8,NA,0,NA,0,"1-55,16255-16257,24981-24983,29837-29904",125,NA,0,0,29902,89665,125,8893,5850,9571,5464,"20C","AECOM-066",0,2,0,8,"good",0,125,3000,"good",0,0,"good",0,0,10,"good",0,"good",NA,NA
"AECOM-067","B.1.3",0.99,"USA, Israel, ISRAEL",374,"March-05, May-17",115,2020-04-08,NA,NA,"C241T,C1059T,G2204A,C2857T,C3037T,C11916T,T13914C,C14408T,C18998T,A19073G,A23403G,G25563T,G29540A",13,"ORF1a:T265I,ORF1a:E647K,ORF1a:S3884L,ORF1b:P314L,ORF1b:A1844V,ORF1b:D1869G,S:D614G,ORF3a:Q57H",8,NA,0,NA,0,"1-55,16255-16257,24981-24983,29837-29904",125,NA,0,0,29902,89657,125,8894,5849,9570,5465,"20C","AECOM-067",25,4,2,8,"good",0,125,3000,"good",0,0,"good",0,0,10,"good",6.25,"good",NA,NA
"AECOM-068","B.1.3",0.57,"USA, Israel, ISRAEL",374,"March-05, May-17",115,2020-04-08,NA,NA,"C241T,C1059T,C3037T,A8285C,T8289C,A8295T,C8299T,C11916T,T13914C,C14408T,C18998T,A23403G,G25563T,G29540A",14,"ORF1a:T265I,ORF1a:M2674L,ORF1a:L2675P,ORF1a:Y2677F,ORF1a:S3884L,ORF1b:P314L,ORF1b:A1844V,S:D614G,ORF3a:Q57H",9,"8300:G",1,"8292-8294",2,"1-55,3827-4078,8637-8915,16256-16258,24982-24984,25648-25926,29838-29905",932,NA,0,0,29902,89639,932,8651,5696,9309,5314,"20C","AECOM-068",62.5,7,5,8,"mediocre",23.4074074074074,932,3000,"good",0,0,"good",0,0,10,"good",44.5415672153635,"mediocre",2,NA
"AECOM-069","B.1.3",0.9,"USA, Israel, ISRAEL",374,"March-05, May-17",115,2020-04-08,NA,NA,"C241T,C1059T,C3037T,C11916T,C14408T,C18998T,A23403G,G25563T,G29540A",9,"ORF1a:T265I,ORF1a:S3884L,ORF1b:P314L,ORF1b:A1844V,S:D614G,ORF3a:Q57H",6,NA,0,NA,0,"1-55,2130,3827-4078,5621-5895,6813,7390-7652,8636-8914,13379-13626,13914,16255-16257,21066,21147-21387,21495-21540,21569,24981-24983,25647-25925,29837-29904",2005,NA,0,0,29902,89673,2005,8332,5471,8967,5128,"20C","AECOM-069",0,0,-2,8,"good",63.1481481481481,2005,3000,"mediocre",0,0,"good",0,0,10,"good",39.8768861454047,"mediocre",NA,NA
"AECOM-070","B.1.3",0.99,"USA, Israel, ISRAEL",374,"March-05, May-17",115,2020-04-07,NA,NA,"C241T,C1059T,C3037T,C4345T,C11916T,C14408T,C18998T,A23403G,G25563T,G29540A",10,"ORF1a:T265I,ORF1a:S3884L,ORF1b:P314L,ORF1b:A1844V,S:D614G,ORF3a:Q57H",6,NA,0,"27948-27968",20,"1-55,16255-16257,24981-24983,29711-29713,29837-29904",127,NA,0,0,29902,89605,127,8887,5843,9564,5462,"20C","AECOM-070",0,2,0,8,"good",0,127,3000,"good",0,0,"good",0,0,10,"good",0,"good",20,NA
"AECOM-071","B.1.3",0.67,"USA, Israel, ISRAEL",374,"March-05, May-17",115,2020-04-07,NA,NA,"C241T,C1059T,C3037T,C11916T,C14408T,C18998T,A23403G,G25563T,G29540A",9,"ORF1a:T265I,ORF1a:S3884L,ORF1b:P314L,ORF1b:A1844V,S:D614G,ORF3a:Q57H",6,NA,0,NA,0,"1-55,3827-4078,5621-5895,7390-7652,8320-8620,9026-9028,12780-13030,13379-13626,21569,24981-24983,25647-25925,29666-29904",2159,NA,0,0,29902,89673,2159,8265,5433,8940,5106,"20C","AECOM-071",0,0,-2,8,"good",68.8518518518518,2159,3000,"mediocre",0,0,"good",0,0,10,"good",47.4057750342935,"mediocre",NA,NA
"AECOM-072","B.1.3",0.94,"USA, Israel, ISRAEL",374,"March-05, May-17",115,2020-04-07,NA,NA,"C241T,C1059T,C3037T,T6226C,C11916T,T13914C,C14408T,C18312T,A23403G,G25563T,C27393T,G27505T,G29540A",13,"ORF1a:T265I,ORF1a:S3884L,ORF1b:P314L,S:D614G,ORF3a:Q57H,ORF7a:G38*",6,NA,0,"29369",1,"1-55,4996-5288,6847-7059,7390-7652,8320-8620,8636-8914,9026-9028,11576-11578,12780-13030,13379-13626,16255-16257,18998,20232-20497,21066,21147-21387,21569,21946,24981-24983,28134,29042-29317,29837-29904",2755,NA,0,0,29902,89650,2755,8097,5298,8747,5005,"20C","AECOM-072",50,6,4,8,"mediocre",90.9259259259259,2755,3000,"mediocre",0,0,"good",0,0,10,"good",107.67524005487,"bad",1,NA
"AECOM-073","B.1",0.99,"USA, UK, Australia",12883,"February-03, June-21",80,2020-04-07,NA,NA,"C241T,C1059T,C3037T,C4965T,C14408T,A23403G,G25563T",7,"ORF1a:T265I,ORF1a:T1567I,ORF1b:P314L,S:D614G,ORF3a:Q57H",5,NA,0,NA,0,"1-55,4996-5288,16255-16257,24981-24983,29837-29904",417,NA,0,0,29902,89681,417,8795,5798,9481,5412,"20C","AECOM-073",0,1,-1,8,"good",4.33333333333333,417,3000,"good",0,0,"good",0,0,10,"good",0.187777777777778,"good",NA,NA
"AECOM-074","B.1",0.99,"USA, UK, Australia",12883,"February-03, June-21",80,2020-04-06,NA,NA,"C241T,C1059T,C3037T,C14408T,A23403G,G25563T,G27613T",7,"ORF1a:T265I,ORF1b:P314L,S:D614G,ORF3a:Q57H,ORF7a:V74F",5,NA,0,NA,0,"1-55,16255-16257,24981-24983,29837-29904",125,NA,0,0,29902,89681,125,8893,5849,9569,5467,"20C","AECOM-074",0,1,-1,8,"good",0,125,3000,"good",0,0,"good",0,0,10,"good",0,"good",NA,NA
"AECOM-075","B.2",0.99,"UK, USA, Netherlands",1446,"January-21, May-28",104,2020-04-07,NA,NA,"C1824T,T4888C,G11083T,C14805T,G26144T,G28842T",6,"ORF1a:A520V,ORF1a:L3606F,ORF3a:G251V,N:S190I,ORF14:V37F",5,NA,0,NA,0,"1-55,9026-9028,21066,24981-24983,29837-29904",126,NA,0,0,29902,89685,126,8893,5847,9566,5471,"19A","AECOM-075",12.5,3,1,8,"good",0,126,3000,"good",0,0,"good",0,0,10,"good",1.5625,"good",NA,NA
"AECOM-076","B.1.3",0.99,"USA, Israel, ISRAEL",374,"March-05, May-17",115,2020-04-06,NA,NA,"C241T,C1059T,C3037T,C11563T,C11916T,A12162G,C14408T,C18998T,A23403G,G25563T,A28381T,G29540A",12,"ORF1a:T265I,ORF1a:S3884L,ORF1a:Q3966R,ORF1b:P314L,ORF1b:A1844V,S:D614G,ORF3a:Q57H,ORF9b:D33V",8,NA,0,NA,0,"1-55,24981-24983,29837-29904",123,NA,0,0,29902,89661,123,8892,5850,9573,5465,"20C","AECOM-076",12.5,3,1,8,"good",0,123,3000,"good",0,0,"good",0,0,10,"good",1.5625,"good",NA,NA
"AECOM-078","B.1.3",0.9,"USA, Israel, ISRAEL",374,"March-05, May-17",115,2020-04-07,NA,NA,"C241T,C1059T,C3037T,C11916T,C14408T,A23403G,G25563T,C29409T,G29540A",9,"ORF1a:T265I,ORF1a:S3884L,ORF1b:P314L,S:D614G,ORF3a:Q57H,N:T379I",6,NA,0,NA,0,"1-55,16255-16257,18998,24981-24983,29837-29904",126,NA,0,0,29902,89673,126,8894,5849,9570,5464,"20C","AECOM-078",0,1,-1,8,"good",0,126,3000,"good",0,0,"good",0,0,10,"good",0,"good",NA,NA
"AECOM-079","B.1",1,"USA, UK, Australia",12883,"February-03, June-21",80,2020-04-07,NA,NA,"C1059T,C3037T,C14235T,C14408T,A20755C,A23403G,A24661T,G25563T,G29540A",9,"ORF1a:T265I,ORF1b:P314L,ORF1b:S2430R,S:D614G,ORF3a:Q57H",5,NA,0,NA,0,"1-343,1313-1596,3827-4078,4996-5288,5621-5895,8636-8914,9246-9503,13379-13626,15862-16145,16255-16257,24981-24983,25647-25925,29837-29904",2856,NA,0,0,29902,89673,2856,8105,5289,8714,4939,"20C","AECOM-079",12.5,3,1,8,"good",94.6666666666667,2856,3000,"mediocre",0,0,"good",0,0,10,"good",91.1802777777778,"mediocre",NA,NA
"AECOM-080","B.1",0.99,"USA, UK, Australia",12883,"February-03, June-21",80,2020-04-06,NA,NA,"C1059T,C1348T,C3037T,A4313T,C4613A,C14408T,A23403G,G25563T",8,"ORF1a:T265I,ORF1a:K1350*,ORF1a:L1450I,ORF1b:P314L,S:D614G,ORF3a:Q57H",6,NA,0,"6686-6689,18546",4,"1-343,3889-3974,5621-5895,6348,9246-9503,12750,16779,24981-24983,25647-25925,29540,29690,29837-29904",1310,NA,0,0,29902,89657,1310,8561,5614,9180,5234,"20C","AECOM-080",37.5,5,3,8,"mediocre",37.4074074074074,1310,3000,"mediocre",0,0,"good",0,0,10,"good",28.0556412894376,"good",4,NA
"AECOM-081","B.1.3",0.99,"USA, Israel, ISRAEL",374,"March-05, May-17",115,2020-03-28,NA,NA,"C241T,C1059T,C3037T,C11916T,C14408T,C18998T,A23403G,G25563T,G29540A",9,"ORF1a:T265I,ORF1a:S3884L,ORF1b:P314L,ORF1b:A1844V,S:D614G,ORF3a:Q57H",6,NA,0,NA,0,"1-55,9026-9028,16255-16257,24981-24983,29837-29904",127,NA,0,0,29902,89673,127,8893,5849,9569,5465,"20C","AECOM-081",0,0,-2,8,"good",0,127,3000,"good",0,0,"good",0,0,10,"good",0,"good",NA,NA
"AECOM-082","B.1.3",0.99,"USA, Israel, ISRAEL",374,"March-05, May-17",115,2020-03-28,NA,NA,"C241T,C1059T,C3037T,C8106A,C11916T,C14408T,C18998T,A20553G,A23403G,G25563T,G29540A",11,"ORF1a:T265I,ORF1a:A2614E,ORF1a:S3884L,ORF1b:P314L,ORF1b:A1844V,S:D614G,ORF3a:Q57H",7,NA,0,NA,0,"1-55,9026-9028,16255-16257,24981-24983,29837-29904",127,NA,0,0,29902,89665,127,8893,5850,9569,5464,"20C","AECOM-082",0,2,0,8,"good",0,127,3000,"good",0,0,"good",0,0,10,"good",0,"good",NA,NA
"AECOM-084","B.1",0.98,"USA, UK, Australia",12883,"February-03, June-21",80,2020-03-28,NA,NA,"C241T,C3037T,C14408T,C18877T,A23403G,G25563T,C27603A",7,"ORF1b:P314L,S:D614G,ORF3a:Q57H",3,NA,0,NA,0,"1-55,24981-24983,29837-29904",123,NA,0,0,29902,89681,123,8894,5850,9569,5467,"20A","AECOM-084",0,1,-1,8,"good",0,123,3000,"good",0,0,"good",0,0,10,"good",0,"good",NA,NA
"AECOM-085","B.1",1,"USA, UK, Australia",12883,"February-03, June-21",80,2020-03-28,NA,NA,"C1059T,C3037T,T4888C,C11916T,C14408T,A23403G,G25563T",7,"ORF1a:T265I,ORF1a:S3884L,ORF1b:P314L,S:D614G,ORF3a:Q57H",5,NA,0,NA,0,"1-343,3827-4078,4996-5288,5297-5587,7390-7652,8320-8914,9246-9503,16187-16445,20232-20814,21147-21387,21495-21540,24981-24983,25647-25925,28757-29008,29042-29317,29666-29904",4457,NA,0,0,29902,89681,4457,7594,4949,8224,4679,"20C","AECOM-085",0,1,-1,8,"good",153.962962962963,4457,3000,"bad",0,0,"good",0,0,10,"good",237.045939643347,"bad",NA,NA
"AECOM-088","B.1",0.99,"USA, UK, Australia",12883,"February-03, June-21",80,2020-03-27,NA,NA,"C241T,C3037T,C14408T,C18877T,A23403G,G25563T,G25617T",7,"ORF1b:P314L,S:D614G,ORF3a:Q57H,ORF3a:K75N",4,NA,0,NA,0,"1-55,24981-24983,25647-25925,29837-29904",401,NA,0,0,29902,89681,401,8825,5803,9464,5410,"20A","AECOM-088",0,1,-1,8,"good",3.74074074074074,401,3000,"good",0,0,"good",0,0,10,"good",0.139931412894376,"good",NA,NA
"AECOM-089","B.1",0.99,"USA, UK, Australia",12883,"February-03, June-21",80,2020-03-27,NA,NA,"C241T,C1059T,C3037T,A11506G,C14408T,A23403G,C23895T,G25563T",8,"ORF1a:T265I,ORF1b:P314L,S:D614G,S:T778I,ORF3a:Q57H",5,NA,0,NA,0,"1-55,7390-7652,9026-9028,16255-16257,24981-24983,29837-29904",389,NA,0,0,29902,89677,389,8816,5794,9472,5432,"20C","AECOM-089",0,2,0,8,"good",3.2962962962963,389,3000,"good",0,0,"good",0,0,10,"good",0.108655692729767,"good",NA,NA
"AECOM-090","A.1",1,"USA, Australia, Canada",1504,"February-22, May-13",119,2020-03-26,NA,NA,"C8782T,C17747T,A17858G,C18060T,T28144C",5,"ORF1b:P1427L,ORF1b:Y1464C,ORF8:L84S",3,NA,0,NA,0,"1-55,10771,16255-16257,24981-24983,29837-29904",126,NA,0,0,29902,89689,126,8893,5851,9564,5469,"19B","AECOM-090",0,0,-2,8,"good",0,126,3000,"good",0,0,"good",0,0,10,"good",0,"good",NA,NA
"AECOM-096","B.1",1,"USA, UK, Australia",12883,"February-03, June-21",80,2020-05-11,NA,NA,"C1059T,C3037T,C11916T,C14408T,C20344A,A23403G",6,"ORF1a:T265I,ORF1a:S3884L,ORF1b:P314L,ORF1b:H2293N,S:D614G",5,NA,0,NA,0,"1-343,386-665,3827-4078,4996-5288,5621-5895,7093-7333,7390-7652,8320-8914,9026-9028,9246-9503,11373-11585,12780-13030,13379-13626,15517,18998,19073,20543-20814,21147-21387,22218,24981-24983,25647-25925,27512-27809,29042-29317,29666-29904",5107,NA,0,0,29902,89685,5107,7447,4827,7984,4538,"20C","AECOM-096",0,2,0,8,"good",178.037037037037,5107,3000,"bad",0,0,"good",0,0,10,"good",316.971865569273,"bad",NA,NA
"AECOM-097","B.1",0.87,"USA, UK, Australia",12883,"February-03, June-21",80,2020-05-11,NA,NA,"C1059T,G2204A,C3037T,C14408T,G25563T",5,"ORF1a:T265I,ORF1a:E647K,ORF1b:P314L,ORF3a:Q57H",4,NA,0,NA,0,"1-343,3827-4078,4996-5288,5621-5895,6847-7059,7093-7333,7390-7652,8320-8914,9246-9503,10641-10689,12780-13030,13379-13626,14805,15539-15852,16255-16257,20232-20497,20543-20583,21147-21387,24981-24983,25647-25925,28757-29008,29042-29317,29357-29511,29837-29904",5157,NA,0,0,29902,89689,5157,7403,4828,7981,4534,"20C","AECOM-097",0,2,0,8,"good",179.888888888889,5157,3000,"bad",0,0,"good",0,0,10,"good",323.60012345679,"bad",NA,NA
"AECOM-099","B.1",0.99,"USA, UK, Australia",12883,"February-03, June-21",80,2020-05-11,NA,NA,"C241T,C1059T,C3037T,C10851T,C14408T,A23403G,G25563T",7,"ORF1a:T265I,ORF1a:A3529V,ORF1b:P314L,S:D614G,ORF3a:Q57H",5,NA,0,NA,0,"1-55,16255-16257,24981-24983,29837-29904",125,NA,0,0,29902,89681,125,8893,5850,9569,5466,"20C","AECOM-099",0,1,-1,8,"good",0,125,3000,"good",0,0,"good",0,0,10,"good",0,"good",NA,NA
"AECOM-101","B.1.3",0.99,"USA, Israel, ISRAEL",374,"March-05, May-17",115,2020-05-11,NA,NA,"C241T,C1059T,C3037T,C5700T,C11916T,A13889C,C14408T,A15201G,G17280T,C18998T,A23403G,G25563T,G29540A",13,"ORF1a:T265I,ORF1a:A1812V,ORF1a:S3884L,ORF1b:N141T,ORF1b:P314L,ORF1b:A1844V,S:D614G,ORF3a:Q57H",8,NA,0,NA,0,"1-55,7390-7652,24981-24983,29837-29904",385,NA,0,0,29902,89657,385,8817,5792,9477,5432,"20C","AECOM-101",25,4,2,8,"good",3.14814814814815,385,3000,"good",0,0,"good",0,0,10,"good",6.34910836762689,"good",NA,NA
NA,NA,NA,NA,NA,NA,NA,NA,NA,NA,NA,NA,NA,NA,NA,NA,NA,NA,NA,NA,NA,NA,NA,NA,NA,NA,NA,NA,NA,NA,NA,NA,NA,NA,NA,NA,NA,NA,NA,NA,NA,NA,NA,NA,NA,NA,NA,NA,NA,NA,NA,NA
NA,NA,NA,NA,NA,NA,NA,NA,NA,NA,NA,NA,NA,NA,NA,NA,NA,NA,NA,NA,NA,NA,NA,NA,NA,NA,NA,NA,NA,NA,NA,NA,NA,NA,NA,NA,NA,NA,NA,NA,NA,NA,NA,NA,NA,NA,NA,NA,NA,NA,NA,NA
NA,NA,NA,NA,NA,NA,NA,NA,NA,NA,NA,NA,NA,NA,NA,NA,NA,NA,NA,NA,NA,NA,NA,NA,NA,NA,NA,NA,NA,NA,NA,NA,NA,NA,NA,NA,NA,NA,NA,NA,NA,NA,NA,NA,NA,NA,NA,NA,NA,NA,NA,NA
NA,NA,NA,NA,NA,NA,NA,NA,NA,NA,NA,NA,NA,NA,NA,NA,NA,NA,NA,NA,NA,NA,NA,NA,NA,NA,NA,NA,NA,NA,NA,NA,NA,NA,NA,NA,NA,NA,NA,NA,NA,NA,NA,NA,NA,NA,NA,NA,NA,NA,NA,NA
NA,NA,NA,NA,NA,NA,NA,NA,NA,NA,NA,NA,NA,NA,NA,NA,NA,NA,NA,NA,NA,NA,NA,NA,NA,NA,NA,NA,NA,NA,NA,NA,NA,NA,NA,NA,NA,NA,NA,NA,NA,NA,NA,NA,NA,NA,NA,NA,NA,NA,NA,NA
NA,NA,NA,NA,NA,NA,NA,NA,NA,NA,NA,NA,NA,NA,NA,NA,NA,NA,NA,NA,NA,NA,NA,NA,NA,NA,NA,NA,NA,NA,NA,NA,NA,NA,NA,NA,NA,NA,NA,NA,NA,NA,NA,NA,NA,NA,NA,NA,NA,NA,NA,NA
NA,NA,NA,NA,NA,NA,NA,NA,NA,NA,NA,NA,NA,NA,NA,NA,NA,NA,NA,NA,NA,NA,NA,NA,NA,NA,NA,NA,NA,NA,NA,NA,NA,NA,NA,NA,NA,NA,NA,NA,NA,NA,NA,NA,NA,NA,NA,NA,NA,NA,NA,NA
NA,NA,NA,NA,NA,NA,NA,NA,NA,NA,NA,NA,NA,NA,NA,NA,NA,NA,NA,NA,NA,NA,NA,NA,NA,NA,NA,NA,NA,NA,NA,NA,NA,NA,NA,NA,NA,NA,NA,NA,NA,NA,NA,NA,NA,NA,NA,NA,NA,NA,NA,NA
NA,NA,NA,NA,NA,NA,NA,NA,NA,NA,NA,NA,NA,NA,NA,NA,NA,NA,NA,NA,NA,NA,NA,NA,NA,NA,NA,NA,NA,NA,NA,NA,NA,NA,NA,NA,NA,NA,NA,NA,NA,NA,NA,NA,NA,NA,NA,NA,NA,NA,NA,NA
NA,NA,NA,NA,NA,NA,NA,NA,NA,NA,NA,NA,NA,NA,NA,NA,NA,NA,NA,NA,NA,NA,NA,NA,NA,NA,NA,NA,NA,NA,NA,NA,NA,NA,NA,NA,NA,NA,NA,NA,NA,NA,NA,NA,NA,NA,NA,NA,NA,NA,NA,NA
NA,NA,NA,NA,NA,NA,NA,NA,NA,NA,NA,NA,NA,NA,NA,NA,NA,NA,NA,NA,NA,NA,NA,NA,NA,NA,NA,NA,NA,NA,NA,NA,NA,NA,NA,NA,NA,NA,NA,NA,NA,NA,NA,NA,NA,NA,NA,NA,NA,NA,NA,NA